alwaldin.org,13500
rdjent.com,8260
alexlab.net,5120
algorer.com,3260
hexacord.com,2400
naatsharif.net,1310
plane.mx,1310
biopolymath.net,1260
chupanhkyyeudep.net,912
livegrouplink.org,893
rbtpro.com,830
glennbech.com,786
alhproducts.com,779
bookmybabes.biz,746
fitadvices.com,730
androidtab.info,728
expensive.mx,713
thinkrealty.net,706
mskijacket.com,686
paraarchives.com,685
foundd.net,683
interfere.mx,666
shirvansugar.com,617
myvideorate.com,614
tecnodir.com,610
thescrappykat.com,601
rubyleighyoung.com,589
parityinc.net,582
closed.mx,581
behaviorchange.net,570
nolivefeel.com,564
bahioc.net,554
wangzhuanwang.net,553
emedicalnews.net,539
southkazakhstan.com,538
ejobopenings.com,534
farlight.org,533
strong.mx,525
ghahvekhone.com,524
popodysseyradio.com,523
kreationkrate.com,514
attwayan.com,511
hairbyandeen.com,504
tanketom.net,501
vikingtrackclub.com,499
daughter.mx,493
nrdleague.net,482
bongdensang.info,468
tentpictures.com,467
iranianbeauty.net,464
curly.mx,463
dmsimage.net,462
bransonmerrill.com,461
beijingdaiyun.org,452
internetmisr.com,444
passigloo.com,443
reflect.mx,443
gurtekskariyer.com,442
namutaku.net,441
tzshenwei.com,440
naranjassamel.net,438
poppymetals.com,436
fauxbar.org,433
fivestarreview.net,415
letters.mx,415
plakatgrafir.com,399
viktoriasstyle.com,394
dhforum.net,392
makanenak.net,391
tart.mx,391
beloning.net,389
jakilevy.com,389
stir.mx,377
bookmarkvoice.info,375
racexhibition.com,371
istavka.com,370
pillowboot.com,368
exposureforums.org,365
gpprojekt.net,363
pointofpassion.com,362
aomhaqw.org,357
espacovaidade.com,348
spacemgt.com,344
uneasywithoutyou.com,344
blogamorarosa.com,336
icndindy.org,334
dataselebrity.com,333
catchlightsnw.com,330
mapseo.net,330
madsencircuits.com,328
bharatconnect.net,327
phoneblank.com,327
camilaguimaraes.com,323
lawschoolgirl.com,323
unevieenmusique.com,314
formandcolours.com,313
freshjen.com,313
nogoodgoods.com,312
jayxhane.com,310
kelcours.com,309
therankit.com,307
webska.org,304
portugalook.com,303
thepfotoshop.com,290
pspgamestation.net,284
rgoi.org,281
margas.org,276
smyla.org,276
thietkekholanh.org,265
jcpsc.org,264
meek.mx,261
diannedequina.com,257
ultrarock.net,256
diegorincon.com,254
dreamlink.info,253
toad.mx,250
obtain.mx,249
wakuwakushop.net,248
cparoadmap.com,243
edivvyup.com,236
early.mx,235
allaboutalcohol.info,229
economic.mx,223
askklix.com,222
bekkyblog.com,221
ucretsizreklam.com,221
devilnoodles.com,220
ifeelborn.com,220
miamicelular.com,217
freeyourbrain.org,215
cukrarna.net,214
lwbckpinhrn.com,210
alltheinsurers.net,207
astrocoolpix.net,207
elladatora.org,207
ivancie.com,205
edteaminc.com,198
tamsinhowse.com,195
collegecfnm.net,187
digitalwebads.com,184
szarkaduo.com,184
sailorjanes.com,182
ugandasurgeons.org,181
doustourna.org,180
renaimanyuaru.com,180
superstarspot.com,180
dnaserumreview.com,179
thainotepc.com,179
huttdentistry.com,178
audreygraceshop.com,177
chqianfan.com,177
occasiondance.com,177
short.mx,176
newpajeroclub.com,175
higurashirin.com,174
boot.mx,173
lagelanden.net,173
steponbox.com,172
ultimatekc.com,170
luminocolor.org,168
institutoglobal.net,167
rebeccabotin.com,167
usafapcnca.org,165
oflusa.com,164
respectyourvj.net,164
vizyonvan.com,162
tvonlinegratis.org,159
vinidolomitici.info,159
near.mx,158
protivir.com,158
lloydsappliance.com,157
erocomix.net,156
glossy.mx,156
pixmacam.com,156
timeoutpk.net,155
reffral.biz,153
trophyplakat.com,152
ainomemory.com,148
lancpump.com,148
chinamantaggin.org,147
portailpierre.org,147
theroleofahelper.com,147
lifesemicrunchy.com,146
fvpoker.com,144
gilimenomojo.com,143
netzonehost.com,143
vivalille.com,143
aryannations.org,142
juicercity.com,142
lejonklippans.com,141
runbakerace.com,140
gestecole.net,139
horvatorszag.org,139
provitat.net,139
punktshirtsrock.com,138
pelininstyle.com,137
currenttempo.com,136
listasuperman.com,136
tecnogarage.com,135
thaimeal.net,135
imuzique.com,134
timmernabben.org,134
crfpa.net,133
mulliculli.com,131
thosethreads.com,131
aqareg.com,130
hkciac.org,130
pminow.com,129
asaelv.com,128
mfcmexico.org,126
pewnyzakup.com,126
intweb.org,125
newbookmarklist.info,123
loanshighrisk.org,122
tweakipedia.com,122
wanttobefat.com,122
digishare.org,120
obey.mx,120
topfindit.com,120
ravenslaughter.com,117
greatkurnool.com,114
okglassestop.com,114
teachtorun.com,114
comb.mx,112
tthairsolutions.com,110
orignalufan.com,107
carnegieww.com,105
tretemplyng.com,105
satisfyingservice.com,101
cruzdiablo.net,98
stripcheez.com,98
forexvpshosting.net,96
peacetasmania.org,96
soak.mx,96
starfishpoetry.net,96
jbkcinequipt.com,94
protest.mx,92
djsergiolopez.com,91
friedimpromptu.com,90
wapakweather.com,87
eurochurch.net,85
povertymotors.com,83
timyap.net,83
annoy.mx,81
benjijalgeil.com,80
theleakerz.com,80
togelbanjie.net,80
koinonianet.net,79
monicapanzarino.com,79
rabattcodes.info,78
arfejoyeros.com,77
vidalowcost.com,73
jinwencaijing.com,71
designmd.net,67
globobus.com,67
lgsculpture.com,66
siouxlandtrails.org,61
awcphilippines.org,60
howiecrosby.com,60
saabc.net,59
seizeart.net,58
senilepeople.com,58
datingpro.net,55
iklanpontianak.com,55
marthambooks.com,54
thedamesound.com,54
theunderdome.net,53
grgrealtors.com,51
inforemaja.com,50
josoff.com,49
toweringheight.com,45
mcdonaldsmom.com,44
tempatplakat.com,40
togelbanjie.com,39
moorchekhanoom.com,37
davidinfrance.com,36
hospitable.mx,28
dealbajar.com,24
merolog.com,20
farslearn.com,19
hearthenose.com,19
innef.org,19
cashredders.com,18
fanscanonline.com,12
zaapps.net,4
abortive.mx,
activedollhouse.com,
agenvimaxind.com,
alexbuild.info,
allazart.net,
allegroaukcje.info,
ambarka.com,
americacashfast.com,
amnesiabrewz.com,
ampvb.com,
andinugroho.com,
andysclinic.com,
antoniaferra.com,
asampleresume.org,
astronautyka.org,
atanswerme.com,
aubredance.com,
austinsupfit.com,
autart.net,
azeioc.net,
bairami.com,
baksiden.net,
bikhodayan.com,
bite-sized.mx,
bloodtalon.net,
blueangelaudio.com,
bluesrocksoul.com,
bookmarkhub.info,
brakodel.info,
businesslgd.info,
butwewillstay.com,
cafetheology.org,
camfilmci.org,
cardiologistsmd.com,
cautious.mx,
ccfcotonou.net,
chalkboardskate.com,
changeable.mx,
chezcici.com,
cialisculture.com,
cjaneanswers.com,
classiep.com,
cncvod.com,
copywatches.org,
courtsidetimes.net,
craftandrepeat.com,
cultogeek.org,
daidanmen.com,
damaging.mx,
dashing.mx,
davidkrokett.org,
deaconsplace.org,
deckingnw.com,
delibros.org,
dinardosmansion.com,
disciplesuga.org,
dkkstv.com,
dobookmarks.info,
dogramivarna.com,
domhipotek.com,
domineering.mx,
dorxi.info,
dzdqrc.com,
easylechaton.com,
eilime.com,
eiseke.org,
elkilliclub.org,
eltelsizi.info,
embarrassed.mx,
emigrobot.com,
enticegh.com,
envious.mx,
escaritashoes.com,
escortsgurgaon.biz,
etlalaty.net,
expogiet.com,
ezeitgeist.com,
fallacious.mx,
fastcashes.com,
fbtimelinefan.com,
forumkay.com,
fotosbonitas.org,
freeladysonia.com,
freewptheme.info,
freewpthemeshq.com,
gametonghop.net,
garganrecords.com,
garservices.org,
genepsd.com,
gettipsz.info,
gfxtrap.com,
giaoxubenngu.net,
girlwanders.com,
goldjewelryhome.com,
gregorymasley.com,
grrlsurvivors.org,
gujichuanmei.com,
habitatathome.net,
hanashi.org,
hanging.mx,
harlinweorgaia.com,
hellomisha.com,
hermesbirkininc.com,
hlmp.org,
hotelricasoli.org,
hotwebstat.com,
ikeamobilya.com,
iloveav.net,
innerfire.info,
interspireshop.com,
irritating.mx,
islamicwork.info,
isourgod.com,
jail.mx,
jamieinbetween.com,
jdhauser.com,
jeuxdemots.info,
jholmtshirt.com,
jugglor.com,
justinbucci.com,
kapanarya.com,
kdcomputers.net,
kellenoverseas.com,
kerkhovenbanner.com,
keyteens.info,
khukhan.net,
kidguru.info,
kiforgings.com,
klikpenajam.com,
kurtmichaels.com,
labored.mx,
lagorama.com,
latingsm.com,
lavalleedesprix.com,
leparisbeurre.com,
lesblogspoker.com,
lisajarnot.com,
liveatsandstone.com,
loinhacviet.info,
longing.mx,
lovinaward.com,
lowsweet.info,
luvmeabook.com,
lyricalsheet.com,
madphotoworld.com,
majorcahotel.org,
mamorukai.org,
mariamartistyle.com,
marmaranergis.net,
masuma.org,
matildamodigh.com,
meddnation.com,
mediachandler.com,
meenyou.com,
metalfingroup.com,
minedroid.org,
mistybasement.com,
motorheadcity.com,
muanhachungcu.net,
muddled.mx,
murspassion.com,
mylifeunix.com,
mysshoes.com,
narodny.info,
neaad.net,
nemlar.org,
nemoblog.org,
netverka.com,
newtruckjobs.com,
nikkibinteriors.com,
nisanboard.net,
nnyishu.com,
nofoamchicago.org,
nomorebushgirls.com,
nondescript.mx,
nosjp.com,
obeisant.mx,
ohmes.info,
omotenasi.net,
orteens.info,
ossified.mx,
owpoker.com,
oypoker.com,
painterbrisbane.net,
palmpilotgear.com,
pbpearls.co,
pcgamescity.com,
peepdance.com,
perfectgetaway.info,
persianfarsi.com,
peterkoevari.com,
phobic.mx,
photodivebar.com,
plakatsilver.com,
planetgameplay.com,
pointof.net,
pokercw.com,
polskase.com,
popravkam.net,
pracawroclaw.org,
promicininfo.com,
protalentsites.com,
publeadmedia.com,
punjabimax.com,
radioarpegio.com,
radiojalwa.com,
rappaz.net,
rdnent.com,
reidrobreid.com,
reminiscent.mx,
revuephiloeco.com,
ricambieservizi.com,
riselikelions.info,
rsmmediagroup.com,
rumahbukuiqro.com,
salkantay.info,
salomonshoesvip.org,
santeraone.net,
sccrosscountry.org,
scream.mx,
searchglobe.net,
semprecomunity.com,
sensue.net,
shababsyria.org,
sherffius.com,
shoppingbuy.org,
sitesitesi.net,
skalpelsound.com,
skullalley.net,
slewfootrecords.com,
slotgallina.org,
soldatenlieder.com,
somnathtourism.com,
soundassurance.org,
spectrecom.net,
spislinkow.com,
sportzean.com,
stpatricksgaa.com,
sunspotjonz.com,
susquatch.net,
svetluska.info,
sweetlimonade.com,
szyuw.com,
tacka.org,
texascabletv.net,
thatdrunk.org,
thavage.com,
thefeudwithfood.com,
thetragedies.com,
thoitrangtot.com,
tingsmombooks.com,
tokkida.com,
tomdeman.com,
tomradulovich.com,
towncommonsal.com,
townofkenton.com,
traficowebpro.com,
twomartinilunch.com,
tzpoker.com,
ultraodd.com,
unrbmusic.com,
vefqq.com,
videosguarros.net,
vietworking.com,
violettavane.com,
vmenpluscentre.com,
vsevolozsk.biz,
wapbux.com,
warspear.info,
wdytp.com,
websourceinfo.com,
webtonagent.com,
weightll.com,
well-off.mx,
wesleylowery.com,
whatthemom.com,
willsurvive.info,
woningkeuring.com,
worldmags.info,
worldofnabeeda.com,
wutanqin.com,
xembois.com,
xieshop.net,
xjlddcw.com,
yahada.net,
yankeecraftsmen.com,
yard.mx,
yazclassaction.org,
yesgaymen.com,
yubik.net,
yuguwen.com,
yvpoker.com,
